{
  "checkpoint": "outputs/M07/maevit_ctc_probe/2026-04-10_22-30-04_e1_gpu_sanity/checkpoints/last.ckpt",
  "num_samples": 256,
  "blank_token_rate": 0.00011957908163265306,
  "empty_prediction_ratio": 0.0,
  "avg_pred_len": 161.12109375,
  "pred_len_distribution_top20": [
    [
      171,
      14
    ],
    [
      172,
      12
    ],
    [
      175,
      11
    ],
    [
      165,
      10
    ],
    [
      164,
      9
    ],
    [
      157,
      9
    ],
    [
      174,
      9
    ],
    [
      166,
      9
    ],
    [
      167,
      8
    ],
    [
      154,
      7
    ],
    [
      159,
      7
    ],
    [
      170,
      7
    ],
    [
      179,
      7
    ],
    [
      162,
      6
    ],
    [
      169,
      6
    ],
    [
      155,
      5
    ],
    [
      177,
      5
    ],
    [
      156,
      5
    ],
    [
      184,
      5
    ],
    [
      160,
      5
    ]
  ],
  "input_lengths_unique": [
    196
  ],
  "target_length_min": 2,
  "target_length_max": 38,
  "target_len_gt_T_count": 0,
  "illegal_prediction_count": 0
}