{
  "checkpoint": "outputs/M07/maevit_ctc_probe/2026-04-10_22-27-44_e1_sanity/checkpoints/last.ckpt",
  "num_samples": 256,
  "blank_token_rate": 9.964923469387755e-05,
  "empty_prediction_ratio": 0.0,
  "avg_pred_len": 161.26953125,
  "pred_len_distribution_top20": [
    [
      171,
      11
    ],
    [
      175,
      11
    ],
    [
      170,
      10
    ],
    [
      172,
      9
    ],
    [
      166,
      9
    ],
    [
      165,
      8
    ],
    [
      162,
      8
    ],
    [
      156,
      8
    ],
    [
      173,
      8
    ],
    [
      167,
      7
    ],
    [
      161,
      7
    ],
    [
      164,
      7
    ],
    [
      174,
      7
    ],
    [
      159,
      7
    ],
    [
      160,
      6
    ],
    [
      176,
      6
    ],
    [
      179,
      6
    ],
    [
      168,
      6
    ],
    [
      154,
      5
    ],
    [
      163,
      5
    ]
  ],
  "input_lengths_unique": [
    196
  ],
  "target_length_min": 2,
  "target_length_max": 38,
  "target_len_gt_T_count": 0,
  "illegal_prediction_count": 0
}